{"cameraMode":{"drawMode":0,"name":"Shaded","section":"Shading Mode"},"sceneLighting":true,"audioPlay":false,"sceneViewState":{"showFog":true,"showMaterialUpdate":false,"showSkybox":true,"showFlares":true,"showImageEffects":true,"showParticleSystems":true},"in2DMode":false,"pivot":{"x":48.755828857421878,"y":1.0947916507720948,"z":57.931373596191409},"rotation":{"x":0.019703635945916177,"y":0.1044929251074791,"z":-0.0020702185574918987,"w":0.9944473505020142},"size":5.9142279624938969,"orthographic":false}