{"cameraMode":{"drawMode":0,"name":"Shaded","section":"Shading Mode"},"sceneLighting":true,"audioPlay":false,"sceneViewState":{"showFog":true,"showMaterialUpdate":false,"showSkybox":true,"showFlares":true,"showImageEffects":true,"showParticleSystems":true},"in2DMode":false,"pivot":{"x":45.50699996948242,"y":1.0,"z":49.327274322509769},"rotation":{"x":0.006695338059216738,"y":0.9865782260894775,"z":-0.15851791203022004,"w":0.042071472853422168},"size":2.26065993309021,"orthographic":false}